{
  "Alaska": {
    "x": 60,
    "y": 109.7249984741211
  },
  "Northwest Territory": {
    "x": 128,
    "y": 110.7249984741211
  },
  "Greenland": {
    "x": 269,
    "y": 80.7249984741211
  },
  "Alberta": {
    "x": 120,
    "y": 152.7249984741211
  },
  "Ontario": {
    "x": 172,
    "y": 165.7249984741211
  },
  "Eastern Canada": {
    "x": 228,
    "y": 164.7249984741211
  },
  "Western United States": {
    "x": 127,
    "y": 208.7249984741211
  },
  "Eastern United States": {
    "x": 185,
    "y": 223.7249984741211
  },
  "Central America": {
    "x": 132,
    "y": 268.7249984741211
  },
  "Venezuela": {
    "x": 189,
    "y": 320.7249984741211
  },
  "Peru": {
    "x": 203,
    "y": 380.7249984741211
  },
  "Brazil": {
    "x": 244,
    "y": 357.7249984741211
  },
  "Argentina": {
    "x": 212,
    "y": 431.7249984741211
  },
  "Iceland": {
    "x": 336,
    "y": 137.7249984741211
  },
  "Scandinavia": {
    "x": 403,
    "y": 120.7249984741211
  },
  "Russia": {
    "x": 459,
    "y": 166.7249984741211
  },
  "Great Brittain": {
    "x": 321,
    "y": 193.7249984741211
  },
  "Northern Europe": {
    "x": 391,
    "y": 206.7249984741211
  },
  "Western Europe": {
    "x": 332,
    "y": 268.7249984741211
  },
  "Southern Europe": {
    "x": 394,
    "y": 240.7249984741211
  },
  "North Africa": {
    "x": 367,
    "y": 344.7249984741211
  },
  "Egypt": {
    "x": 418,
    "y": 324.7249984741211
  },
  "Central Africa": {
    "x": 416,
    "y": 408.7249984741211
  },
  "East Africa": {
    "x": 450,
    "y": 374.7249984741211
  },
  "South Africa": {
    "x": 424,
    "y": 465.7249984741211
  },
  "Madagascar": {
    "x": 487,
    "y": 471.7249984741211
  },
  "Ural": {
    "x": 536,
    "y": 156.7249984741211
  },
  "Siberia": {
    "x": 572,
    "y": 121.7249984741211
  },
  "Yakutsk": {
    "x": 634,
    "y": 92.7249984741211
  },
  "Kamchatka": {
    "x": 685,
    "y": 97.7249984741211
  },
  "Irkutsk": {
    "x": 623,
    "y": 162.7249984741211
  },
  "Mongolia": {
    "x": 624,
    "y": 211.7249984741211
  },
  "Japan": {
    "x": 702,
    "y": 212.7249984741211
  },
  "Afghanistan": {
    "x": 519,
    "y": 226.7249984741211
  },
  "China": {
    "x": 608,
    "y": 259.7249984741211
  },
  "Middle East": {
    "x": 480,
    "y": 285.7249984741211
  },
  "India": {
    "x": 557,
    "y": 293.7249984741211
  },
  "Southeast Asia": {
    "x": 615,
    "y": 315.7249984741211
  },
  "Indonesia": {
    "x": 625,
    "y": 399.7249984741211
  },
  "New Guinea": {
    "x": 694,
    "y": 378.7249984741211
  },
  "Western Australia": {
    "x": 655,
    "y": 470.7249984741211
  },
  "Eastern Australia": {
    "x": 708,
    "y": 451.7249984741211
  }
}